RH_Avg,OT
0.928963699,0.545670893
0.94909012,0.545670893
0.970781682,0.545670893
0.981456762,0.545670893
0.9737892,0.545670893
0.979204927,0.545670893
0.986150062,0.545670893
0.989861256,0.545670893
0.999255284,0.545670893
1.012939652,0.545670893
1.00527492,0.545670893
0.986671539,0.545670893
0.974504198,0.545670893
0.964938231,0.545670893
0.963529817,0.545670893
0.966349829,0.545670893
0.972767118,0.545670893
0.973940266,0.545670893
0.975392196,0.545670893
